,name,count,pos,norm
127,free food,24,,1.0
13,free meal,11,,0.4347826086956522
23,great people,11,,0.4347826086956522
275,fast paced,10,,0.3913043478260869
161,free meals,9,,0.34782608695652173
124,customer service,8,,0.30434782608695654
1,work environment,8,,0.30434782608695654
229,co workers,7,,0.26086956521739135
183,work hard,6,,0.21739130434782608
0,great work,6,,0.21739130434782608
8,good pay,6,,0.21739130434782608
75,people work,6,,0.21739130434782608
620,tuition reimbursement,6,,0.21739130434782608
331,paid breaks,5,,0.17391304347826086
493,food great,5,,0.17391304347826086
397,50 discount,5,,0.17391304347826086
64,flexible hours,5,,0.17391304347826086
96,work great,5,,0.17391304347826086
194,great benefits,5,,0.17391304347826086
110,fun environment,5,,0.17391304347826086
24,people great,5,,0.17391304347826086
62,company work,5,,0.17391304347826086
257,minimum wage,4,,0.13043478260869565
305,team work,4,,0.13043478260869565
261,meal every,4,,0.13043478260869565
165,place work,4,,0.13043478260869565
396,work 50,4,,0.13043478260869565
69,great company,4,,0.13043478260869565
417,always something,4,,0.13043478260869565
468,crew members,4,,0.13043478260869565
443,working chipotle,4,,0.13043478260869565
7,food good,4,,0.13043478260869565
21,first job,4,,0.13043478260869565
745,fast food,4,,0.13043478260869565
506,part time,4,,0.13043478260869565
155,great atmosphere,3,,0.08695652173913043
200,great customer,3,,0.08695652173913043
1468,work days,3,,0.08695652173913043
486,great environment,3,,0.08695652173913043
657,work awesome,3,,0.08695652173913043
691,flexible schedule,3,,0.08695652173913043
218,environment great,3,,0.08695652173913043
656,good team,3,,0.08695652173913043
580,pay good,3,,0.08695652173913043
1560,great place,3,,0.08695652173913043
607,new people,3,,0.08695652173913043
205,people worked,3,,0.08695652173913043
1458,environment good,3,,0.08695652173913043
224,great training,3,,0.08695652173913043
434,1 free,3,,0.08695652173913043
237,starting pay,3,,0.08695652173913043
920,employee meals,3,,0.08695652173913043
246,easy get,3,,0.08695652173913043
914,like family,3,,0.08695652173913043
451,opportunities great,3,,0.08695652173913043
262,every shift,3,,0.08695652173913043
274,work fast,3,,0.08695652173913043
450,growth opportunities,3,,0.08695652173913043
316,fun work,3,,0.08695652173913043
330,food paid,3,,0.08695652173913043
1445,great working,3,,0.08695652173913043
362,high standards,3,,0.08695652173913043
369,never bored,3,,0.08695652173913043
338,work way,3,,0.08695652173913043
614,work ethic,3,,0.08695652173913043
3,food safety,3,,0.08695652173913043
684,breaks free,2,,0.043478260869565216
192,fast passed,2,,0.043478260869565216
1260,job good,2,,0.043478260869565216
430,excellent opportunity,2,,0.043478260869565216
280,job chipotle,2,,0.043478260869565216
178,best friends,2,,0.043478260869565216
1499,awesome free,2,,0.043478260869565216
1331,good coworkers,2,,0.043478260869565216
289,ever worked,2,,0.043478260869565216
518,hours lot,2,,0.043478260869565216
519,lot fun,2,,0.043478260869565216
27,place good,2,,0.043478260869565216
415,friendly coworkers,2,,0.043478260869565216
778,schedule free,2,,0.043478260869565216
1235,great food,2,,0.043478260869565216
1514,working environment,2,,0.043478260869565216
1671,decent pay,2,,0.043478260869565216
683,well paid,2,,0.043478260869565216
299,awesome people,2,,0.043478260869565216
537,part team,2,,0.043478260869565216
406,paid sick,2,,0.043478260869565216
784,loved working,2,,0.043478260869565216
862,hard working,2,,0.043478260869565216
402,90 college,2,,0.043478260869565216
1523,every body,2,,0.043478260869565216
144,team effort,2,,0.043478260869565216
312,food industry,2,,0.043478260869565216
140,good crew,2,,0.043478260869565216
28,good hours,2,,0.043478260869565216
663,get learn,2,,0.043478260869565216
29,hours great,2,,0.043478260869565216
760,food shift,2,,0.043478260869565216
1672,pay fast,2,,0.043478260869565216
852,best part,2,,0.043478260869565216
498,easy move,2,,0.043478260869565216
918,work schedule,2,,0.043478260869565216
919,free employee,2,,0.043478260869565216
737,competitive pay,2,,0.043478260869565216
45,hours pay,2,,0.043478260869565216
236,great starting,2,,0.043478260869565216
911,people flexible,2,,0.043478260869565216
1464,30 minute,2,,0.043478260869565216
18,environment quite,2,,0.043478260869565216
746,food restaurant,2,,0.043478260869565216
452,work culture,2,,0.043478260869565216
473,everyone always,2,,0.043478260869565216
227,move free,2,,0.043478260869565216
226,opportunities move,2,,0.043478260869565216
446,people meet,2,,0.043478260869565216
445,amazing people,2,,0.043478260869565216
1686,stay year,2,,0.043478260869565216
48,lot great,2,,0.043478260869565216
217,paced work,2,,0.043478260869565216
444,chipotle amazing,2,,0.043478260869565216
721,better minimum,2,,0.043478260869565216
22,job great,2,,0.043478260869565216
942,high school,2,,0.043478260869565216
945,willing work,2,,0.043478260869565216
489,good company,2,,0.043478260869565216
491,good benefits,2,,0.043478260869565216
1482,friendly work,2,,0.043478260869565216
1444,store work,2,,0.043478260869565216
201,service great,2,,0.043478260869565216
710,discount store,2,,0.043478260869565216
853,part chipotle,2,,0.043478260869565216
739,food working,2,,0.043478260869565216
9,pay benefits,2,,0.043478260869565216
377,offer benefits,2,,0.043478260869565216
1408,pay better,2,,0.043478260869565216
1566,reimbursement flexible,2,,0.043478260869565216
1090,company great,2,,0.043478260869565216
80,takes pride,2,,0.043478260869565216
601,time job,2,,0.043478260869565216
381,food easy,2,,0.043478260869565216
622,workers friendly,2,,0.043478260869565216
1583,work always,2,,0.043478260869565216
809,benefits good,2,,0.043478260869565216
579,environmentfree food,2,,0.043478260869565216
593,great staff,2,,0.043478260869565216
77,benefits great,2,,0.043478260869565216
375,pay first,2,,0.043478260869565216
1793,work place,2,,0.043478260869565216
393,people free,2,,0.043478260869565216
374,great pay,2,,0.043478260869565216
584,get free,2,,0.043478260869565216
1374,easy job,2,,0.043478260869565216
59,nice customers,2,,0.043478260869565216
586,workgood pay,2,,0.043478260869565216
98,lot room,2,,0.043478260869565216
97,people lot,2,,0.043478260869565216
78,company really,2,,0.043478260869565216
831,paid time,2,,0.043478260869565216
813,50 days,2,,0.043478260869565216
391,opportunity growth,2,,0.043478260869565216
606,meeting new,2,,0.043478260869565216
1539,people want,2,,0.043478260869565216
1156,food 50,2,,0.043478260869565216
1056,tips end,2,,0.043478260869565216
76,work benefits,2,,0.043478260869565216
389,good community,2,,0.043478260869565216
1608,chipotle really,2,,0.043478260869565216
1577,got free,2,,0.043478260869565216
647,relatively easy,2,,0.043478260869565216
616,meal work,2,,0.043478260869565216
655,hours good,2,,0.043478260869565216
1198,hours decent,2,,0.043478260869565216
1013,working people,2,,0.043478260869565216
1456,area good,1,,0.0
1455,stores area,1,,0.0
1126,work many,1,,0.0
1129,customers chill,1,,0.0
1124,morning go,1,,0.0
1397,staff pays,1,,0.0
1391,cleanliness food,1,,0.0
1457,pay fun,1,,0.0
1398,pays nicely,1,,0.0
1396,growgreat staff,1,,0.0
1449,elevating go,1,,0.0
1446,working schedule,1,,0.0
1447,schedule always,1,,0.0
1128,regular customers,1,,0.0
1448,always elevating,1,,0.0
1450,go chipotle,1,,0.0
1392,safety standardsthe,1,,0.0
1395,room growgreat,1,,0.0
1394,great room,1,,0.0
1393,standardsthe company,1,,0.0
1443,flexible store,1,,0.0
1452,process one,1,,0.0
1453,one best,1,,0.0
1125,go work,1,,0.0
1454,best stores,1,,0.0
1451,chipotle process,1,,0.0
1440,crew nice,1,,0.0
1127,many regular,1,,0.0
1425,scratch cuts,1,,0.0
1406,work bless,1,,0.0
1407,bless pay,1,,0.0
1424,made scratch,1,,0.0
1423,food made,1,,0.0
1422,real food,1,,0.0
1123,every morning,1,,0.0
1421,food real,1,,0.0
1420,withinfree food,1,,0.0
1419,promotes withinfree,1,,0.0
1409,wage free,1,,0.0
1418,supportive promotes,1,,0.0
1410,shift work,1,,0.0
1417,culture supportive,1,,0.0
1411,work lets,1,,0.0
1416,company culture,1,,0.0
1415,food company,1,,0.0
1412,lets save,1,,0.0
1414,money food,1,,0.0
1413,save money,1,,0.0
1405,jeans work,1,,0.0
1426,cuts raw,1,,0.0
1442,hours flexible,1,,0.0
1427,raw veggies,1,,0.0
1399,nicely keeps,1,,0.0
1441,nice hours,1,,0.0
1439,well good,1,,0.0
1438,companypay well,1,,0.0
1437,opportunities companypay,1,,0.0
1436,advancement opportunities,1,,0.0
1435,great advancement,1,,0.0
1434,usgood hours,1,,0.0
1433,inspired usgood,1,,0.0
1432,management inspired,1,,0.0
1400,keeps busy,1,,0.0
1431,fresh management,1,,0.0
1401,busy opportunity,1,,0.0
1402,opportunity move,1,,0.0
1403,food wear,1,,0.0
1430,guac fresh,1,,0.0
1429,makes guac,1,,0.0
1428,veggies makes,1,,0.0
1404,wear jeans,1,,0.0
1157,discount shift,1,,0.0
1478,skills casual,1,,0.0
1459,benefits higher,1,,0.0
1515,good possibility,1,,0.0
1542,business deliver,1,,0.0
1541,move business,1,,0.0
1540,want move,1,,0.0
1538,looking people,1,,0.0
1537,always looking,1,,0.0
1536,move always,1,,0.0
1535,expierence move,1,,0.0
1534,service expierence,1,,0.0
1116,employees create,1,,0.0
1533,mroe customer,1,,0.0
1532,gain mroe,1,,0.0
1531,want gain,1,,0.0
1530,great want,1,,0.0
1529,thing great,1,,0.0
1528,great thing,1,,0.0
1527,thats great,1,,0.0
1526,body thats,1,,0.0
1525,helps every,1,,0.0
1524,body helps,1,,0.0
1522,awesome every,1,,0.0
1521,family team,1,,0.0
1520,employees like,1,,0.0
1519,managementfriendly employees,1,,0.0
1518,friendly managementfriendly,1,,0.0
1517,promotion friendly,1,,0.0
1543,deliver great,1,,0.0
1544,great team,1,,0.0
1545,team competitive,1,,0.0
1558,depending location,1,,0.0
1569,move tried,1,,0.0
1568,groweasy move,1,,0.0
1113,job builds,1,,0.0
1567,room groweasy,1,,0.0
1565,coworkers tuition,1,,0.0
1564,person friendly,1,,0.0
1563,progress person,1,,0.0
1562,help progress,1,,0.0
1561,place help,1,,0.0
1114,builds values,1,,0.0
1559,location great,1,,0.0
1557,experience depending,1,,0.0
1546,competitive yet,1,,0.0
1556,working experience,1,,0.0
1555,life great,1,,0.0
1554,friends life,1,,0.0
1553,day friends,1,,0.0
1552,dull day,1,,0.0
1551,never dull,1,,0.0
1115,values employees,1,,0.0
1550,exciting never,1,,0.0
1549,fun exciting,1,,0.0
1548,encouraging fun,1,,0.0
1547,yet encouraging,1,,0.0
1516,possibility promotion,1,,0.0
1513,nice working,1,,0.0
1460,higher base,1,,0.0
1512,scheduling nice,1,,0.0
1484,environmentwage combined,1,,0.0
1483,work environmentwage,1,,0.0
1119,foundationthe people,1,,0.0
1481,experience friendly,1,,0.0
1480,interview experience,1,,0.0
1479,casual interview,1,,0.0
1120,people reason,1,,0.0
1389,food high,1,,0.0
1477,life skills,1,,0.0
1476,great life,1,,0.0
1475,teaches great,1,,0.0
1474,days teaches,1,,0.0
1473,non work,1,,0.0
1472,entree non,1,,0.0
1471,one entree,1,,0.0
1470,half one,1,,0.0
1469,days half,1,,0.0
1121,reason got,1,,0.0
1467,entree work,1,,0.0
1466,free entree,1,,0.0
1465,minute paid,1,,0.0
1122,got every,1,,0.0
1463,wage 30,1,,0.0
1462,pay minimum,1,,0.0
1461,base pay,1,,0.0
1485,combined tips,1,,0.0
1486,tips employee,1,,0.0
1487,meals make,1,,0.0
1501,workers management,1,,0.0
1511,well scheduling,1,,0.0
1510,payworks well,1,,0.0
1509,great payworks,1,,0.0
1508,quality great,1,,0.0
1507,commitment quality,1,,0.0
1506,burritos commitment,1,,0.0
1505,hoursfree burritos,1,,0.0
1504,lots hoursfree,1,,0.0
1117,create solid,1,,0.0
1503,cares lots,1,,0.0
1502,management cares,1,,0.0
1500,meals co,1,,0.0
1488,make great,1,,0.0
1498,hours awesome,1,,0.0
1497,credit hours,1,,0.0
1496,reimbursement credit,1,,0.0
1495,seek tuition,1,,0.0
1494,growth seek,1,,0.0
1493,room growth,1,,0.0
1492,definitely room,1,,0.0
1491,students definitely,1,,0.0
1118,solid foundationthe,1,,0.0
1490,choice students,1,,0.0
1489,great choice,1,,0.0
1390,high cleanliness,1,,0.0
1130,chill free,1,,0.0
1388,culture free,1,,0.0
1231,might get,1,,0.0
1243,really taught,1,,0.0
1242,work really,1,,0.0
1241,paceit great,1,,0.0
1240,fast paceit,1,,0.0
1239,people fast,1,,0.0
1238,meet new,1,,0.0
1148,definitely feels,1,,0.0
1237,always meet,1,,0.0
1236,food always,1,,0.0
1149,feels rewarding,1,,0.0
1234,easily great,1,,0.0
1233,bored easily,1,,0.0
1232,get bored,1,,0.0
1230,going might,1,,0.0
1245,hard jobs,1,,0.0
1150,rewarding fast,1,,0.0
1229,projects going,1,,0.0
1228,different projects,1,,0.0
1227,lots different,1,,0.0
1226,brand lots,1,,0.0
1225,sense brand,1,,0.0
1224,design sense,1,,0.0
1223,good design,1,,0.0
1222,people good,1,,0.0
1221,fun people,1,,0.0
1220,well fun,1,,0.0
1219,environment well,1,,0.0
1218,leader great,1,,0.0
1244,taught work,1,,0.0
1246,jobs one,1,,0.0
1387,people culture,1,,0.0
1262,attitude 9,1,,0.0
1272,location 1,1,,0.0
1271,least location,1,,0.0
1144,difficult requires,1,,0.0
1270,managers least,1,,0.0
1269,fun managers,1,,0.0
1268,chill fun,1,,0.0
1145,requires work,1,,0.0
1267,super chill,1,,0.0
1266,experience super,1,,0.0
1265,job experience,1,,0.0
1264,50 good,1,,0.0
1263,9 50,1,,0.0
1146,hard everyday,1,,0.0
1261,good attitude,1,,0.0
1247,one often,1,,0.0
1259,fun job,1,,0.0
1258,easy fun,1,,0.0
1257,pay free,1,,0.0
1256,easy workgood,1,,0.0
1255,pay relatively,1,,0.0
1254,loldecent pay,1,,0.0
1147,everyday definitely,1,,0.0
1253,something loldecent,1,,0.0
1252,like always,1,,0.0
1251,feel like,1,,0.0
1250,relaxed feel,1,,0.0
1249,feel relaxed,1,,0.0
1248,often feel,1,,0.0
1217,field leader,1,,0.0
1216,good field,1,,0.0
1215,amazing good,1,,0.0
1172,cook grill,1,,0.0
1184,paid break,1,,0.0
1183,skills free,1,,0.0
1182,service skills,1,,0.0
1181,expectations customer,1,,0.0
1154,delicious fresh,1,,0.0
1180,expand expectations,1,,0.0
1179,chipotle expand,1,,0.0
1178,difference part,1,,0.0
1177,big difference,1,,0.0
1176,make big,1,,0.0
1175,others make,1,,0.0
1174,cashier others,1,,0.0
1173,grill cashier,1,,0.0
1171,prep cook,1,,0.0
1214,team amazing,1,,0.0
1170,line prep,1,,0.0
1169,choose line,1,,0.0
1168,positions choose,1,,0.0
1167,many positions,1,,0.0
1166,management many,1,,0.0
1165,kitchen management,1,,0.0
1155,fresh food,1,,0.0
1164,training kitchen,1,,0.0
1163,empowerment training,1,,0.0
1162,teach empowerment,1,,0.0
1161,constantly teach,1,,0.0
1160,lots constantly,1,,0.0
1159,environment lots,1,,0.0
1185,break little,1,,0.0
1186,little per,1,,0.0
1187,per hour,1,,0.0
1188,hour typical,1,,0.0
1213,culture team,1,,0.0
1212,person great,1,,0.0
1211,care person,1,,0.0
1210,truly care,1,,0.0
1209,part truly,1,,0.0
1208,work part,1,,0.0
1207,love people,1,,0.0
1206,believes love,1,,0.0
1205,chipotle believes,1,,0.0
1151,passed environment,1,,0.0
1204,love chipotle,1,,0.0
1152,environment free,1,,0.0
1203,company love,1,,0.0
1202,agentgreat company,1,,0.0
1201,decent agentgreat,1,,0.0
1200,hires decent,1,,0.0
1199,decent hires,1,,0.0
1197,floridaflexible hours,1,,0.0
1196,hour floridaflexible,1,,0.0
1195,00 hour,1,,0.0
1194,9 00,1,,0.0
1193,chain 9,1,,0.0
1192,restaurant chain,1,,0.0
1191,ish food,1,,0.0
1153,food delicious,1,,0.0
1190,fast ish,1,,0.0
1189,typical fast,1,,0.0
1273,work 1,1,,0.0
1274,1 half,1,,0.0
1275,half meal,1,,0.0
1345,flexible hourscool,1,,0.0
1356,benefits promotions,1,,0.0
1355,better benefits,1,,0.0
1354,pushing better,1,,0.0
1132,coursebest people,1,,0.0
1353,always pushing,1,,0.0
1352,paced always,1,,0.0
1351,upbeat fast,1,,0.0
1350,environment upbeat,1,,0.0
1349,around environment,1,,0.0
1348,hang around,1,,0.0
1347,workers hang,1,,0.0
1570,tried hard,1,,0.0
1133,people evaa,1,,0.0
1344,uniform flexible,1,,0.0
1328,environment friendly,1,,0.0
1343,comfortable uniform,1,,0.0
1342,breaks comfortable,1,,0.0
1341,company breaks,1,,0.0
1340,moving company,1,,0.0
1339,amp moving,1,,0.0
1338,improvement amp,1,,0.0
1337,room improvement,1,,0.0
1336,discounts room,1,,0.0
1335,amp discounts,1,,0.0
1334,food amp,1,,0.0
1333,company free,1,,0.0
1332,coworkers good,1,,0.0
1330,workerssome good,1,,0.0
1357,promotions overlooked,1,,0.0
1358,overlooked good,1,,0.0
1359,good workerwork,1,,0.0
1360,workerwork great,1,,0.0
1386,overall people,1,,0.0
1385,good overall,1,,0.0
1384,work good,1,,0.0
1383,gratifying work,1,,0.0
1382,salary gratifying,1,,0.0
1381,get salary,1,,0.0
1380,fantastic get,1,,0.0
1379,benefits fantastic,1,,0.0
1378,money benefits,1,,0.0
1377,move money,1,,0.0
1376,likeopportunities move,1,,0.0
1375,job likeopportunities,1,,0.0
1373,skillspretty easy,1,,0.0
1372,management skillspretty,1,,0.0
1371,building management,1,,0.0
1158,shift fun,1,,0.0
1370,team building,1,,0.0
1369,mastering team,1,,0.0
1368,along mastering,1,,0.0
1367,development along,1,,0.0
1366,personal development,1,,0.0
1365,skills personal,1,,0.0
1131,meals coursebest,1,,0.0
1364,personal skills,1,,0.0
1363,advance personal,1,,0.0
1362,opportunity advance,1,,0.0
1361,people opportunity,1,,0.0
1329,friendly workerssome,1,,0.0
1327,standards great,1,,0.0
1276,meal everyone,1,,0.0
1289,extra dollars,1,,0.0
1299,aspiring business,1,,0.0
1298,young aspiring,1,,0.0
1139,time free,1,,0.0
1140,great coworkersfun,1,,0.0
1297,opportunity young,1,,0.0
1296,provides excellent,1,,0.0
1295,grill provides,1,,0.0
1141,coworkersfun workplace,1,,0.0
1294,mexican grill,1,,0.0
1293,monthchipotle mexican,1,,0.0
1292,every monthchipotle,1,,0.0
1291,tips every,1,,0.0
1290,dollars tips,1,,0.0
1288,30 extra,1,,0.0
1326,professionalism standards,1,,0.0
1287,like 30,1,,0.0
1142,workplace work,1,,0.0
1286,make like,1,,0.0
1285,pro make,1,,0.0
1143,work difficult,1,,0.0
1284,said pro,1,,0.0
1283,con said,1,,0.0
1282,pro con,1,,0.0
1281,tips pro,1,,0.0
1280,splits tips,1,,0.0
1279,day splits,1,,0.0
1278,works day,1,,0.0
1277,everyone works,1,,0.0
1300,business leaders,1,,0.0
1301,leaders learn,1,,0.0
1302,learn intricacies,1,,0.0
1303,intricacies running,1,,0.0
1325,great professionalism,1,,0.0
1324,success great,1,,0.0
1323,experience success,1,,0.0
1322,knowledge experience,1,,0.0
1321,crave knowledge,1,,0.0
1320,apply crave,1,,0.0
1134,evaa like,1,,0.0
1135,like om,1,,0.0
1319,opportunities apply,1,,0.0
1318,management opportunities,1,,0.0
1317,reimbursement management,1,,0.0
1316,provide tuition,1,,0.0
1315,benefit provide,1,,0.0
1314,added benefit,1,,0.0
1313,goals added,1,,0.0
1312,company goals,1,,0.0
1311,achieve company,1,,0.0
1310,workforce achieve,1,,0.0
1309,empowered workforce,1,,0.0
1136,om paid,1,,0.0
1137,paid lunch,1,,0.0
1308,leading empowered,1,,0.0
1307,day leading,1,,0.0
1306,day day,1,,0.0
1138,lunch time,1,,0.0
1305,business day,1,,0.0
1304,running business,1,,0.0
1346,hourscool co,1,,0.0
1620,worked environment,1,,0.0
1571,hard enough,1,,0.0
1905,team course,1,,0.0
1918,year eligible,1,,0.0
1917,food stay,1,,0.0
1916,hate food,1,,0.0
1915,much hate,1,,0.0
1914,benefit much,1,,0.0
1913,advantage benefit,1,,0.0
1912,take advantage,1,,0.0
1911,promise take,1,,0.0
1910,days promise,1,,0.0
1909,scheduled work,1,,0.0
1908,time scheduled,1,,0.0
1907,meals time,1,,0.0
1906,course free,1,,0.0
1904,learn part,1,,0.0
1827,kindness people,1,,0.0
1903,truly learn,1,,0.0
1902,people truly,1,,0.0
1901,meet great,1,,0.0
1900,love meet,1,,0.0
1899,day love,1,,0.0
1898,job day,1,,0.0
1897,aboard job,1,,0.0
1896,come aboard,1,,0.0
1895,people come,1,,0.0
1894,recommend people,1,,0.0
1893,would recommend,1,,0.0
1892,place would,1,,0.0
1891,family work,1,,0.0
1919,eligible tuition,1,,0.0
1920,reimbursement school,1,,0.0
1921,school desire,1,,0.0
1922,desire go,1,,0.0
1949,opportunitiesits great,1,,0.0
1948,advancement opportunitiesits,1,,0.0
1947,plenty advancement,1,,0.0
1946,fact plenty,1,,0.0
1945,performer fact,1,,0.0
1944,top performer,1,,0.0
1943,especially top,1,,0.0
1942,promotions especially,1,,0.0
1941,quicker promotions,1,,0.0
1940,lead quicker,1,,0.0
1939,also lead,1,,0.0
1938,advantage also,1,,0.0
1937,operates advantage,1,,0.0
1936,store operates,1,,0.0
1935,learn store,1,,0.0
1934,desire learn,1,,0.0
1933,anything desire,1,,0.0
1932,train anything,1,,0.0
1931,business train,1,,0.0
1930,food business,1,,0.0
1929,get fast,1,,0.0
1928,probably get,1,,0.0
1927,better probably,1,,0.0
1926,works pay,1,,0.0
1925,school works,1,,0.0
1924,back school,1,,0.0
1923,go back,1,,0.0
1890,little family,1,,0.0
1889,like little,1,,0.0
1888,manager like,1,,0.0
1857,meal plus,1,,0.0
1855,helpfulthe pay,1,,0.0
1854,always helpfulthe,1,,0.0
1853,management always,1,,0.0
1852,upper management,1,,0.0
1851,beliefs upper,1,,0.0
1850,sticks beliefs,1,,0.0
1849,company sticks,1,,0.0
1848,objectives company,1,,0.0
1847,clear objectives,1,,0.0
1846,environment clear,1,,0.0
1845,stiffteam environment,1,,0.0
1844,foods stiffteam,1,,0.0
1843,serving foods,1,,0.0
1842,fun serving,1,,0.0
1841,weeks fun,1,,0.0
1840,couple weeks,1,,0.0
1839,wash couple,1,,0.0
1838,quickly wash,1,,0.0
1837,responsible quickly,1,,0.0
1836,become responsible,1,,0.0
1835,responsible become,1,,0.0
1834,already responsible,1,,0.0
1833,categories already,1,,0.0
1832,three categories,1,,0.0
1831,fall three,1,,0.0
1830,generally fall,1,,0.0
1829,hire generally,1,,0.0
1856,good get,1,,0.0
1858,plus 50,1,,0.0
1887,also manager,1,,0.0
1859,50 offi,1,,0.0
1886,bond also,1,,0.0
1885,great bond,1,,0.0
1884,build great,1,,0.0
1883,workers build,1,,0.0
1882,people workers,1,,0.0
1881,love meeting,1,,0.0
1880,work love,1,,0.0
1879,enviroment work,1,,0.0
1878,orientedgreat enviroment,1,,0.0
1877,teamwork orientedgreat,1,,0.0
1876,environment teamwork,1,,0.0
1875,energy environment,1,,0.0
1874,discounthigh energy,1,,0.0
1873,50 discounthigh,1,,0.0
1872,payfree food,1,,0.0
1871,competitive payfree,1,,0.0
1870,opportunities competitive,1,,0.0
1869,promotion opportunities,1,,0.0
1868,many promotion,1,,0.0
1867,training many,1,,0.0
1866,coworkersbenefits great,1,,0.0
1865,friendly coworkersbenefits,1,,0.0
1864,meals friendly,1,,0.0
1863,industry got,1,,0.0
1862,ton food,1,,0.0
1861,learned ton,1,,0.0
1860,offi learned,1,,0.0
1950,place workit,1,,0.0
1951,workit fun,1,,0.0
1952,fun experiencegreat,1,,0.0
2044,company think,1,,0.0
2042,mean loved,1,,0.0
2041,integrity mean,1,,0.0
2040,food integrity,1,,0.0
2039,says food,1,,0.0
2038,chipotle says,1,,0.0
2037,reimbursementwhen chipotle,1,,0.0
2036,tuition reimbursementwhen,1,,0.0
2035,improvement tuition,1,,0.0
2034,pay improvement,1,,0.0
2033,room pay,1,,0.0
2032,pay room,1,,0.0
2031,friendly flexible,1,,0.0
2030,pretty friendly,1,,0.0
2029,environment pretty,1,,0.0
2028,coworkers environment,1,,0.0
2027,enjoyed good,1,,0.0
2026,plus enjoyed,1,,0.0
2025,definitely plus,1,,0.0
2024,food definitely,1,,0.0
2023,issues free,1,,0.0
2022,helpful issues,1,,0.0
2021,managers helpful,1,,0.0
2020,team managers,1,,0.0
2019,alongside team,1,,0.0
2018,worked alongside,1,,0.0
2017,due people,1,,0.0
2016,great due,1,,0.0
2043,working company,1,,0.0
2045,think part,1,,0.0
2014,particular store,1,,0.0
2046,part reason,1,,0.0
2073,chipotle awesome,1,,0.0
2072,work chipotle,1,,0.0
2071,reasons work,1,,0.0
2070,great reasons,1,,0.0
2069,teammatesone great,1,,0.0
2068,good teammatesone,1,,0.0
2067,hard easy,1,,0.0
2066,still work,1,,0.0
2065,yet still,1,,0.0
2064,friendships yet,1,,0.0
2063,create friendships,1,,0.0
2062,us create,1,,0.0
2061,allowed us,1,,0.0
2060,environment allowed,1,,0.0
2059,difference environment,1,,0.0
2058,world difference,1,,0.0
2057,made world,1,,0.0
2056,feel made,1,,0.0
2055,location feel,1,,0.0
2054,restaurateur location,1,,0.0
2053,worked restaurateur,1,,0.0
2052,culture worked,1,,0.0
2051,live culture,1,,0.0
2050,hard live,1,,0.0
2049,worked hard,1,,0.0
2048,management worked,1,,0.0
2047,reason management,1,,0.0
2015,store great,1,,0.0
2013,working particular,1,,0.0
1953,experiencegreat pay,1,,0.0
1982,reviewing company,1,,0.0
1980,around schedule,1,,0.0
1979,work around,1,,0.0
1978,sometimes fun,1,,0.0
1977,members sometimes,1,,0.0
1976,working crew,1,,0.0
1975,part working,1,,0.0
1974,move best,1,,0.0
1973,time move,1,,0.0
1972,effort time,1,,0.0
1971,put effort,1,,0.0
1970,dedicated put,1,,0.0
1969,really dedicated,1,,0.0
1968,get really,1,,0.0
1967,put get,1,,0.0
1966,growthwhat put,1,,0.0
1965,opportunity growthwhat,1,,0.0
1964,scheduling opportunity,1,,0.0
1963,flexible scheduling,1,,0.0
1962,staff flexible,1,,0.0
1961,pace great,1,,0.0
1960,workingfast pace,1,,0.0
1959,food workingfast,1,,0.0
1958,coworkers free,1,,0.0
1957,workgreat coworkers,1,,0.0
1956,hard workgreat,1,,0.0
1955,comes hard,1,,0.0
1954,pay comes,1,,0.0
1981,schedule reviewing,1,,0.0
1983,company seems,1,,0.0
2012,helpful working,1,,0.0
1984,seems like,1,,0.0
2011,friendly helpful,1,,0.0
2010,company workers,1,,0.0
2009,understanding company,1,,0.0
2008,bettee understanding,1,,0.0
2007,get bettee,1,,0.0
2006,able get,1,,0.0
2005,interview able,1,,0.0
2004,preparing interview,1,,0.0
2003,currently preparing,1,,0.0
2002,allows currently,1,,0.0
2001,also allows,1,,0.0
2000,company also,1,,0.0
1999,feedback company,1,,0.0
1998,positive feedback,1,,0.0
1997,helpful positive,1,,0.0
1996,provide helpful,1,,0.0
1995,willing provide,1,,0.0
1994,employees willing,1,,0.0
1993,current employees,1,,0.0
1992,former current,1,,0.0
1991,reviews former,1,,0.0
1990,reading reviews,1,,0.0
1989,lot reading,1,,0.0
1988,quite lot,1,,0.0
1987,learned quite,1,,0.0
1986,work learned,1,,0.0
1985,like great,1,,0.0
1828,people hire,1,,0.0
1826,responsibility kindness,1,,0.0
1572,enough job,1,,0.0
1652,environment constantly,1,,0.0
1665,flexible hoursgreat,1,,0.0
1664,assistance reimbursement,1,,0.0
1663,school assistance,1,,0.0
1662,benefits school,1,,0.0
1661,health benefits,1,,0.0
1660,day health,1,,0.0
1659,2 day,1,,0.0
1658,1 2,1,,0.0
1657,working 1,1,,0.0
1656,atmosphere free,1,,0.0
1655,great great,1,,0.0
1654,pushed great,1,,0.0
1653,constantly pushed,1,,0.0
1651,management great,1,,0.0
1825,personal responsibility,1,,0.0
1650,get management,1,,0.0
1649,drinks easy,1,,0.0
1648,food drinks,1,,0.0
1647,stafffree food,1,,0.0
1646,friendly stafffree,1,,0.0
1645,pay friendly,1,,0.0
1644,bored great,1,,0.0
1643,something never,1,,0.0
1642,nature work,1,,0.0
1641,paced nature,1,,0.0
1640,past paced,1,,0.0
1639,environment past,1,,0.0
1638,team environment,1,,0.0
1666,hoursgreat benefits,1,,0.0
1667,benefits awesome,1,,0.0
1668,awesome coworkers,1,,0.0
1669,coworkers managers,1,,0.0
1699,employees every,1,,0.0
1698,offers employees,1,,0.0
1697,trainingchipotle offers,1,,0.0
1696,great trainingchipotle,1,,0.0
1695,busy environment,1,,0.0
1694,people busy,1,,0.0
1693,placesnice people,1,,0.0
1692,staff placesnice,1,,0.0
1691,friendly staff,1,,0.0
1690,hired friendly,1,,0.0
1689,insurance hired,1,,0.0
1688,get insurance,1,,0.0
1687,year get,1,,0.0
1685,benefits stay,1,,0.0
1684,managerthey great,1,,0.0
1683,great managerthey,1,,0.0
1682,lunch great,1,,0.0
1681,restauranteating lunch,1,,0.0
1680,atmosphere restauranteating,1,,0.0
1679,team atmosphere,1,,0.0
1678,rembursmentgood team,1,,0.0
1677,tuition rembursmentgood,1,,0.0
1676,environment tuition,1,,0.0
1675,pace work,1,,0.0
1674,fast pace,1,,0.0
1673,food fast,1,,0.0
1670,managers decent,1,,0.0
1637,hourslove team,1,,0.0
1636,good hourslove,1,,0.0
1635,positions good,1,,0.0
1603,extraordinary experience,1,,0.0
1601,create unique,1,,0.0
1600,standards create,1,,0.0
1599,performers high,1,,0.0
1598,top performers,1,,0.0
1597,team top,1,,0.0
1596,work team,1,,0.0
1595,chipotle work,1,,0.0
1594,lot chipotle,1,,0.0
1593,liked lot,1,,0.0
1592,food liked,1,,0.0
1591,healthy fast,1,,0.0
1590,pushing healthy,1,,0.0
1589,really pushing,1,,0.0
1588,exciting company,1,,0.0
1587,challenging exciting,1,,0.0
1586,also challenging,1,,0.0
1585,different also,1,,0.0
1584,something different,1,,0.0
1582,nice work,1,,0.0
1581,paid nice,1,,0.0
1580,also paid,1,,0.0
1579,breaks also,1,,0.0
1578,meal breaks,1,,0.0
1576,worked got,1,,0.0
1575,time worked,1,,0.0
1574,every time,1,,0.0
1573,job every,1,,0.0
1602,unique extraordinary,1,,0.0
1604,experience team,1,,0.0
1634,empowering positions,1,,0.0
1605,team becomes,1,,0.0
1633,quickly empowering,1,,0.0
1632,promotions quickly,1,,0.0
1631,scholarship promotions,1,,0.0
1630,tuition scholarship,1,,0.0
1629,school tuition,1,,0.0
1628,shift school,1,,0.0
1627,mine free,1,,0.0
1626,changed mine,1,,0.0
1625,lives changed,1,,0.0
1624,changes lives,1,,0.0
1623,company changes,1,,0.0
1622,like company,1,,0.0
1621,quite like,1,,0.0
1111,take pride,1,,0.0
1619,never worked,1,,0.0
1618,employees never,1,,0.0
1617,care employees,1,,0.0
1616,really care,1,,0.0
1615,benefits really,1,,0.0
1614,mile offer,1,,0.0
1613,extra mile,1,,0.0
1612,go extra,1,,0.0
1611,want go,1,,0.0
1610,looks hard,1,,0.0
1609,really looks,1,,0.0
1607,family chipotle,1,,0.0
1606,becomes family,1,,0.0
1700,every chance,1,,0.0
1701,chance grow,1,,0.0
1702,grow advance,1,,0.0
1795,someone right,1,,0.0
1792,workspaceexcellent work,1,,0.0
1791,clean workspaceexcellent,1,,0.0
1790,ver clean,1,,0.0
1789,schedule ver,1,,0.0
1788,good schedule,1,,0.0
1787,atmosphere good,1,,0.0
1786,social atmosphere,1,,0.0
1785,growth social,1,,0.0
1784,career growth,1,,0.0
1783,easy career,1,,0.0
1782,reimbursement easy,1,,0.0
1781,college tuition,1,,0.0
1780,food 90,1,,0.0
1779,friendlyfree food,1,,0.0
1778,everyone friendlyfree,1,,0.0
1777,pay everyone,1,,0.0
1776,long great,1,,0.0
1775,stay long,1,,0.0
1774,say stay,1,,0.0
1773,exactly say,1,,0.0
1772,know exactly,1,,0.0
1771,great know,1,,0.0
1770,downtimes great,1,,0.0
1769,food downtimes,1,,0.0
1768,worked people,1,,0.0
1767,loved people,1,,0.0
1766,good loved,1,,0.0
1794,place someone,1,,0.0
1796,right high,1,,0.0
1764,environment team,1,,0.0
1797,school looking,1,,0.0
1824,focus personal,1,,0.0
1823,promotes focus,1,,0.0
1822,chipotle promotes,1,,0.0
1821,culture chipotle,1,,0.0
1820,familythe culture,1,,0.0
1819,like familythe,1,,0.0
1818,work like,1,,0.0
1817,break people,1,,0.0
1816,lunch break,1,,0.0
1815,minute lunch,1,,0.0
1814,eat 30,1,,0.0
1813,paid eat,1,,0.0
1812,get paid,1,,0.0
1811,night get,1,,0.0
1810,end night,1,,0.0
1809,split tips,1,,0.0
1808,get split,1,,0.0
1807,skills get,1,,0.0
1806,teamwork skills,1,,0.0
1805,service teamwork,1,,0.0
1804,employees great,1,,0.0
1803,teach employees,1,,0.0
1802,really teach,1,,0.0
1801,standards really,1,,0.0
1800,job high,1,,0.0
1799,growth part,1,,0.0
1798,looking growth,1,,0.0
1765,schedule good,1,,0.0
1763,paced fun,1,,0.0
1703,advance within,1,,0.0
1732,managerial levels,1,,0.0
1730,friends managers,1,,0.0
1729,close friends,1,,0.0
1728,became close,1,,0.0
1727,members became,1,,0.0
1726,texas crew,1,,0.0
1725,one texas,1,,0.0
1724,california one,1,,0.0
1723,one california,1,,0.0
1722,locations one,1,,0.0
1721,different locations,1,,0.0
1720,two different,1,,0.0
1719,worked two,1,,0.0
1718,drained worked,1,,0.0
1717,left drained,1,,0.0
1716,shift left,1,,0.0
1715,strenuous shift,1,,0.0
1714,emergencies strenuous,1,,0.0
1713,changes emergencies,1,,0.0
1712,shift changes,1,,0.0
1711,regards shift,1,,0.0
1710,whether regards,1,,0.0
1709,understanding whether,1,,0.0
1708,flexible understanding,1,,0.0
1707,always flexible,1,,0.0
1706,managers always,1,,0.0
1705,company managers,1,,0.0
1704,within company,1,,0.0
1731,managers managerial,1,,0.0
1733,levels fostered,1,,0.0
1762,consumers good,1,,0.0
1734,fostered strong,1,,0.0
1761,options consumers,1,,0.0
1760,healthy options,1,,0.0
1759,providing healthy,1,,0.0
1758,environment providing,1,,0.0
1757,improve friendly,1,,0.0
1756,excel improve,1,,0.0
1755,people excel,1,,0.0
1754,wanted people,1,,0.0
1753,really wanted,1,,0.0
1752,management really,1,,0.0
1751,awesome management,1,,0.0
1750,location awesome,1,,0.0
1749,members location,1,,0.0
1748,positivecrew members,1,,0.0
1747,environment positivecrew,1,,0.0
1746,together environment,1,,0.0
1745,working together,1,,0.0
1744,hardworking working,1,,0.0
1743,team hardworking,1,,0.0
1742,really good,1,,0.0
1741,pros working,1,,0.0
1740,relationship pros,1,,0.0
1739,working relationship,1,,0.0
1738,healthy working,1,,0.0
1737,maintaining healthy,1,,0.0
1736,bonds maintaining,1,,0.0
1735,strong bonds,1,,0.0
1112,pride job,1,,0.0
1037,start pay,1,,0.0
1110,ethic take,1,,0.0
447,meet employees,1,,0.0
407,sick daysgreat,1,,0.0
405,year paid,1,,0.0
404,worked year,1,,0.0
403,college worked,1,,0.0
401,pay 90,1,,0.0
400,day pay,1,,0.0
399,come day,1,,0.0
398,discount come,1,,0.0
395,day work,1,,0.0
394,every day,1,,0.0
392,growth work,1,,0.0
390,community opportunity,1,,0.0
388,paced good,1,,0.0
387,drinkfast paced,1,,0.0
386,food drinkfast,1,,0.0
385,selected food,1,,0.0
384,wellfree selected,1,,0.0
383,pays wellfree,1,,0.0
382,easy pays,1,,0.0
380,reimbursementfree food,1,,0.0
379,tuition reimbursementfree,1,,0.0
378,benefits tuition,1,,0.0
376,job offer,1,,0.0
373,times great,1,,0.0
372,work times,1,,0.0
371,food work,1,,0.0
370,bored free,1,,0.0
408,daysgreat co,1,,0.0
409,workers fun,1,,0.0
410,environment awesome,1,,0.0
427,break entire,1,,0.0
441,best thing,1,,0.0
440,breaksthe best,1,,0.0
439,paid breaksthe,1,,0.0
438,meal paid,1,,0.0
437,50 meal,1,,0.0
436,1 50,1,,0.0
435,meal 1,1,,0.0
433,though 1,1,,0.0
432,advancement though,1,,0.0
431,opportunity advancement,1,,0.0
429,experience excellent,1,,0.0
428,entire experience,1,,0.0
426,make break,1,,0.0
411,awesome personalities,1,,0.0
425,location make,1,,0.0
424,good location,1,,0.0
423,find good,1,,0.0
422,pay find,1,,0.0
421,programgreat starting,1,,0.0
420,training programgreat,1,,0.0
419,effort great,1,,0.0
418,something team,1,,0.0
416,coworkers always,1,,0.0
414,meal friendly,1,,0.0
413,cleanfree meal,1,,0.0
412,personalities cleanfree,1,,0.0
368,pay never,1,,0.0
367,meals good,1,,0.0
366,staff free,1,,0.0
318,environmentbenefits good,1,,0.0
332,breaks decent,1,,0.0
329,definitely free,1,,0.0
328,job definitely,1,,0.0
327,work job,1,,0.0
326,love fast,1,,0.0
325,experience love,1,,0.0
324,great experience,1,,0.0
323,gm great,1,,0.0
322,including gm,1,,0.0
321,worked including,1,,0.0
320,everyone worked,1,,0.0
319,good everyone,1,,0.0
317,work environmentbenefits,1,,0.0
334,corporate culture,1,,0.0
315,food fun,1,,0.0
314,ya free,1,,0.0
313,industry ya,1,,0.0
311,times food,1,,0.0
310,hard times,1,,0.0
309,bit hard,1,,0.0
308,part bit,1,,0.0
307,service part,1,,0.0
306,work customer,1,,0.0
304,lot team,1,,0.0
303,incorporates lot,1,,0.0
302,messagedefinitely incorporates,1,,0.0
333,decent corporate,1,,0.0
335,culture management,1,,0.0
365,perservativessupportive staff,1,,0.0
351,followslightly higher,1,,0.0
364,food perservativessupportive,1,,0.0
363,standards food,1,,0.0
361,shift high,1,,0.0
360,employee shift,1,,0.0
359,every employee,1,,0.0
358,meals every,1,,0.0
357,quality free,1,,0.0
356,food quality,1,,0.0
355,hoursthe food,1,,0.0
354,flexible hoursthe,1,,0.0
353,wage flexible,1,,0.0
352,higher minimum,1,,0.0
350,work followslightly,1,,0.0
336,management typically,1,,0.0
349,laid work,1,,0.0
348,benefitseasy laid,1,,0.0
347,great benefitseasy,1,,0.0
346,coolgood place,1,,0.0
345,nice coolgood,1,,0.0
344,insightpeople nice,1,,0.0
343,crew insightpeople,1,,0.0
342,know crew,1,,0.0
341,usually know,1,,0.0
340,crew usually,1,,0.0
339,way crew,1,,0.0
337,typically work,1,,0.0
442,thing working,1,,0.0
448,employees guests,1,,0.0
1109,exceptional work,1,,0.0
449,guests growth,1,,0.0
550,journey close,1,,0.0
549,stores journey,1,,0.0
548,beginning stores,1,,0.0
547,part beginning,1,,0.0
546,grateful part,1,,0.0
545,fun grateful,1,,0.0
544,hectic lot,1,,0.0
543,pretty hectic,1,,0.0
542,day pretty,1,,0.0
541,opening day,1,,0.0
540,hood opening,1,,0.0
539,fort hood,1,,0.0
538,team fort,1,,0.0
536,able part,1,,0.0
535,actually able,1,,0.0
534,house actually,1,,0.0
533,back house,1,,0.0
532,front back,1,,0.0
531,cash front,1,,0.0
530,service cash,1,,0.0
529,experience customer,1,,0.0
528,hands experience,1,,0.0
527,lot hands,1,,0.0
526,get lot,1,,0.0
525,training easy,1,,0.0
524,cross training,1,,0.0
523,plus cross,1,,0.0
551,close school,1,,0.0
552,school easy,1,,0.0
553,easy access,1,,0.0
568,insurance optionsgreat,1,,0.0
582,time jobyou,1,,0.0
581,good part,1,,0.0
578,paced environmentfree,1,,0.0
577,promotions fast,1,,0.0
576,get promotions,1,,0.0
575,move get,1,,0.0
574,benefits easy,1,,0.0
573,mottoovertime opportunities,1,,0.0
572,business mottoovertime,1,,0.0
571,great business,1,,0.0
570,pay growth,1,,0.0
569,optionsgreat pay,1,,0.0
567,things insurance,1,,0.0
554,access starting,1,,0.0
566,diff things,1,,0.0
565,experience diff,1,,0.0
564,lot experience,1,,0.0
563,etc lot,1,,0.0
562,cashier etc,1,,0.0
561,food cashier,1,,0.0
560,making food,1,,0.0
559,dishwasher making,1,,0.0
558,jobs dishwasher,1,,0.0
557,different jobs,1,,0.0
556,lot different,1,,0.0
555,starting lot,1,,0.0
522,coworkers plus,1,,0.0
521,working coworkers,1,,0.0
520,fun working,1,,0.0
466,goodclose knit,1,,0.0
480,tasks free,1,,0.0
479,hours tasks,1,,0.0
478,people hours,1,,0.0
477,outeverything people,1,,0.0
476,help outeverything,1,,0.0
475,willing help,1,,0.0
474,always willing,1,,0.0
472,shifts everyone,1,,0.0
471,long shifts,1,,0.0
470,tips long,1,,0.0
469,members tips,1,,0.0
467,knit crew,1,,0.0
465,reasonable goodclose,1,,0.0
482,cool people,1,,0.0
464,fun reasonable,1,,0.0
463,great fun,1,,0.0
462,lotnice great,1,,0.0
461,learn lotnice,1,,0.0
460,opportunity learn,1,,0.0
459,breakgiven opportunity,1,,0.0
458,go breakgiven,1,,0.0
457,food go,1,,0.0
456,companyfree food,1,,0.0
455,food companyfree,1,,0.0
454,incredible food,1,,0.0
453,culture incredible,1,,0.0
481,food cool,1,,0.0
483,every shiftgreat,1,,0.0
517,worked hours,1,,0.0
503,college student,1,,0.0
516,employer worked,1,,0.0
515,chipotle employer,1,,0.0
514,temporary job,1,,0.0
513,looking temporary,1,,0.0
512,hours looking,1,,0.0
511,needed hours,1,,0.0
510,time needed,1,,0.0
509,full time,1,,0.0
508,moved full,1,,0.0
507,time moved,1,,0.0
505,started part,1,,0.0
504,student started,1,,0.0
502,experience college,1,,0.0
484,shiftgreat experience,1,,0.0
501,amazing experience,1,,0.0
500,upworking chipotle,1,,0.0
499,move upworking,1,,0.0
497,tasks easy,1,,0.0
496,easy tasks,1,,0.0
495,hours easy,1,,0.0
494,great flexible,1,,0.0
492,benefits food,1,,0.0
490,company good,1,,0.0
488,growth good,1,,0.0
487,environment opportunity,1,,0.0
485,experience first,1,,0.0
301,hope messagedefinitely,1,,0.0
300,people hope,1,,0.0
298,meals awesome,1,,0.0
297,shiftfree meals,1,,0.0
116,always top,1,,0.0
115,kind always,1,,0.0
114,employeeseveryone kind,1,,0.0
113,cares employeeseveryone,1,,0.0
112,chipotle cares,1,,0.0
111,environment chipotle,1,,0.0
109,awesome fun,1,,0.0
108,advancepay awesome,1,,0.0
107,opportunities advancepay,1,,0.0
106,plenty opportunities,1,,0.0
105,friendly plenty,1,,0.0
104,organized friendly,1,,0.0
103,companyclean organized,1,,0.0
102,within companyclean,1,,0.0
101,grow within,1,,0.0
100,improve grow,1,,0.0
99,room improve,1,,0.0
95,approved work,1,,0.0
94,always approved,1,,0.0
93,time always,1,,0.0
92,request time,1,,0.0
91,days request,1,,0.0
90,vacation days,1,,0.0
89,days vacation,1,,0.0
88,sick days,1,,0.0
87,priority sick,1,,0.0
86,top priority,1,,0.0
117,top things,1,,0.0
118,things nobody,1,,0.0
119,nobody gives,1,,0.0
136,make working,1,,0.0
150,pro would,1,,0.0
149,servicea pro,1,,0.0
148,customer servicea,1,,0.0
147,substantial customer,1,,0.0
146,provide substantial,1,,0.0
145,effort provide,1,,0.0
143,rounded team,1,,0.0
142,customerswell rounded,1,,0.0
141,crew customerswell,1,,0.0
139,good place,1,,0.0
138,fun good,1,,0.0
137,working fun,1,,0.0
135,friendly make,1,,0.0
120,gives bad,1,,0.0
134,regulars friendly,1,,0.0
133,friends regulars,1,,0.0
132,become friends,1,,0.0
131,coworkers become,1,,0.0
130,hours coworkers,1,,0.0
129,lots hours,1,,0.0
128,food lots,1,,0.0
126,excellent free,1,,0.0
125,service excellent,1,,0.0
123,attitudes customer,1,,0.0
122,vibes attitudes,1,,0.0
121,bad vibes,1,,0.0
85,safety top,1,,0.0
84,food food,1,,0.0
83,sure food,1,,0.0
25,great benefitsgreat,1,,0.0
40,coworkers management,1,,0.0
39,great coworkers,1,,0.0
38,within great,1,,0.0
37,promoted within,1,,0.0
36,get promoted,1,,0.0
35,ability get,1,,0.0
34,food ability,1,,0.0
33,benefitsfree food,1,,0.0
32,pay benefitsfree,1,,0.0
31,foodthe pay,1,,0.0
30,great foodthe,1,,0.0
26,benefitsgreat place,1,,0.0
20,easy first,1,,0.0
42,fantastic benefits,1,,0.0
19,quite easy,1,,0.0
17,offfun environment,1,,0.0
16,50 offfun,1,,0.0
15,dinning 50,1,,0.0
14,meal dinning,1,,0.0
12,one free,1,,0.0
11,working one,1,,0.0
10,benefits working,1,,0.0
6,expectationfree food,1,,0.0
5,high expectationfree,1,,0.0
4,safety high,1,,0.0
2,environment food,1,,0.0
41,management fantastic,1,,0.0
43,benefits compensationgreat,1,,0.0
82,making sure,1,,0.0
61,coworkerswonderful company,1,,0.0
81,pride making,1,,0.0
79,really takes,1,,0.0
74,gm lot,1,,0.0
73,moved gm,1,,0.0
72,crew moved,1,,0.0
71,started crew,1,,0.0
70,work started,1,,0.0
68,scheduleit great,1,,0.0
67,school scheduleit,1,,0.0
66,accommodate school,1,,0.0
65,hours accommodate,1,,0.0
63,work flexible,1,,0.0
60,customers coworkerswonderful,1,,0.0
44,compensationgreat hours,1,,0.0
58,met nice,1,,0.0
57,pay met,1,,0.0
56,farminggood pay,1,,0.0
55,better farminggood,1,,0.0
54,environment better,1,,0.0
53,better environment,1,,0.0
52,food better,1,,0.0
51,better food,1,,0.0
50,mission better,1,,0.0
49,great mission,1,,0.0
47,teach lot,1,,0.0
46,pay teach,1,,0.0
151,would friendly,1,,0.0
152,friendly staffflexible,1,,0.0
153,staffflexible scheduling,1,,0.0
247,get manager,1,,0.0
260,managers free,1,,0.0
259,supportive managers,1,,0.0
258,wage supportive,1,,0.0
256,overallpaid minimum,1,,0.0
255,fun overallpaid,1,,0.0
254,job fun,1,,0.0
253,awesome job,1,,0.0
252,raisescoworkers awesome,1,,0.0
251,pay raisescoworkers,1,,0.0
250,people pay,1,,0.0
249,good people,1,,0.0
248,manager free,1,,0.0
245,job easy,1,,0.0
264,great learn,1,,0.0
244,chain job,1,,0.0
243,work chain,1,,0.0
242,customers work,1,,0.0
241,work customers,1,,0.0
240,cook work,1,,0.0
239,taught cook,1,,0.0
238,pay taught,1,,0.0
235,energy great,1,,0.0
234,servicehigh energy,1,,0.0
233,food servicehigh,1,,0.0
232,experience food,1,,0.0
231,good experience,1,,0.0
263,shift people,1,,0.0
265,learn culinary,1,,0.0
228,good co,1,,0.0
283,transferring always,1,,0.0
296,per shiftfree,1,,0.0
295,meals per,1,,0.0
294,hours3 free,1,,0.0
293,flexible hours3,1,,0.0
292,food flexible,1,,0.0
291,awesome food,1,,0.0
290,worked awesome,1,,0.0
288,team ever,1,,0.0
287,committed team,1,,0.0
286,environment committed,1,,0.0
285,easybest environment,1,,0.0
284,always easybest,1,,0.0
282,everywhere transferring,1,,0.0
266,culinary skillsgood,1,,0.0
281,chipotle everywhere,1,,0.0
279,one job,1,,0.0
278,everything one,1,,0.0
277,learn everything,1,,0.0
276,paced learn,1,,0.0
273,learn work,1,,0.0
272,people learn,1,,0.0
271,nice people,1,,0.0
270,work nice,1,,0.0
269,rate great,1,,0.0
268,pay rate,1,,0.0
267,skillsgood pay,1,,0.0
230,workers good,1,,0.0
225,training opportunities,1,,0.0
154,scheduling great,1,,0.0
171,people make,1,,0.0
185,shall rewarded,1,,0.0
184,hard shall,1,,0.0
182,employees work,1,,0.0
181,managers employees,1,,0.0
180,co managers,1,,0.0
179,friends co,1,,0.0
177,another best,1,,0.0
176,one another,1,,0.0
175,know one,1,,0.0
174,get know,1,,0.0
173,place get,1,,0.0
172,make place,1,,0.0
170,usual people,1,,0.0
187,team orientated,1,,0.0
169,per usual,1,,0.0
168,mindset per,1,,0.0
167,right mindset,1,,0.0
166,work right,1,,0.0
164,fun place,1,,0.0
163,environment fun,1,,0.0
162,meals great,1,,0.0
160,benefits free,1,,0.0
159,wellgood benefits,1,,0.0
158,empowers wellgood,1,,0.0
157,really empowers,1,,0.0
156,atmosphere really,1,,0.0
186,rewarded team,1,,0.0
188,orientated hard,1,,0.0
223,schedule great,1,,0.0
208,really nice,1,,0.0
222,membersflexible schedule,1,,0.0
221,crew membersflexible,1,,0.0
220,offered crew,1,,0.0
219,benefits offered,1,,0.0
216,faster paced,1,,0.0
215,definitely faster,1,,0.0
214,issues definitely,1,,0.0
213,help issues,1,,0.0
212,willling help,1,,0.0
211,family willling,1,,0.0
210,welcome family,1,,0.0
209,nice welcome,1,,0.0
207,restaurant really,1,,0.0
189,hard work,1,,0.0
206,worked restaurant,1,,0.0
204,well people,1,,0.0
203,hours well,1,,0.0
202,great hours,1,,0.0
199,show great,1,,0.0
198,skills show,1,,0.0
197,cooking skills,1,,0.0
196,learned cooking,1,,0.0
195,benefits learned,1,,0.0
193,passed great,1,,0.0
191,pays fast,1,,0.0
190,work pays,1,,0.0
583,jobyou get,1,,0.0
585,food workgood,1,,0.0
587,pay rewarding,1,,0.0
858,people ever,1,,0.0
954,job get,1,,0.0
953,decent job,1,,0.0
952,education decent,1,,0.0
951,tertiary education,1,,0.0
950,assist tertiary,1,,0.0
949,time assist,1,,0.0
948,hours paid,1,,0.0
947,available hours,1,,0.0
946,work available,1,,0.0
944,job willing,1,,0.0
943,school job,1,,0.0
941,pay high,1,,0.0
940,benefitsbetter pay,1,,0.0
939,health benefitsbetter,1,,0.0
938,rates health,1,,0.0
937,good rates,1,,0.0
936,leave good,1,,0.0
935,sick leave,1,,0.0
934,technology paid,1,,0.0
933,travel technology,1,,0.0
932,stores travel,1,,0.0
931,deals stores,1,,0.0
930,offer deals,1,,0.0
929,chipotleperks offer,1,,0.0
928,cap chipotleperks,1,,0.0
927,shirts cap,1,,0.0
926,free shirts,1,,0.0
955,get post,1,,0.0
956,post secondary,1,,0.0
957,secondary education,1,,0.0
972,move fastgood,1,,0.0
984,schedules great,1,,0.0
983,accommodating schedules,1,,0.0
982,usually accommodating,1,,0.0
981,managers usually,1,,0.0
980,great managers,1,,0.0
979,work free,1,,0.0
978,really awesome,1,,0.0
977,benefitsthere really,1,,0.0
976,good benefitsthere,1,,0.0
975,needed good,1,,0.0
974,flexible needed,1,,0.0
973,fastgood people,1,,0.0
971,staff move,1,,0.0
958,education free,1,,0.0
970,mobilitygreat staff,1,,0.0
969,upward mobilitygreat,1,,0.0
968,management upward,1,,0.0
967,encouragement management,1,,0.0
966,empowerment encouragement,1,,0.0
965,paced empowerment,1,,0.0
964,managerfun place,1,,0.0
963,promoted managerfun,1,,0.0
962,easily promoted,1,,0.0
961,shifts easily,1,,0.0
960,end shifts,1,,0.0
959,meal end,1,,0.0
925,go free,1,,0.0
924,meals go,1,,0.0
923,50 meals,1,,0.0
874,not speak,1,,0.0
886,long shift,1,,0.0
885,matter long,1,,0.0
884,shift matter,1,,0.0
883,meal shift,1,,0.0
882,given meal,1,,0.0
881,always given,1,,0.0
880,friends always,1,,0.0
879,connected best,1,,0.0
878,definitely connected,1,,0.0
877,store definitely,1,,0.0
876,stores store,1,,0.0
875,speak stores,1,,0.0
873,can not,1,,0.0
888,coworkers driven,1,,0.0
872,although can,1,,0.0
871,workers although,1,,0.0
870,work co,1,,0.0
869,outside work,1,,0.0
868,time outside,1,,0.0
867,lot time,1,,0.0
866,spending lot,1,,0.0
865,find spending,1,,0.0
864,kind find,1,,0.0
863,working kind,1,,0.0
861,chill hard,1,,0.0
860,funny chill,1,,0.0
887,shift coworkers,1,,0.0
889,driven work,1,,0.0
922,store 50,1,,0.0
904,gladly help,1,,0.0
921,meals store,1,,0.0
917,flexible work,1,,0.0
916,breaks flexible,1,,0.0
915,family paid,1,,0.0
913,everyone like,1,,0.0
912,schedule everyone,1,,0.0
910,longwork great,1,,0.0
909,good longwork,1,,0.0
908,talk hours,1,,0.0
907,goals talk,1,,0.0
906,attain goals,1,,0.0
905,help attain,1,,0.0
903,within gladly,1,,0.0
890,hard personable,1,,0.0
902,managers within,1,,0.0
901,promote managers,1,,0.0
900,prefers promote,1,,0.0
899,company prefers,1,,0.0
898,needed company,1,,0.0
897,focused needed,1,,0.0
896,crew focused,1,,0.0
895,keep crew,1,,0.0
894,afraid keep,1,,0.0
893,nice afraid,1,,0.0
892,managers nice,1,,0.0
891,personable managers,1,,0.0
985,atmosphere work,1,,0.0
986,great management,1,,0.0
987,management team,1,,0.0
1065,paced time,1,,0.0
1077,love coming,1,,0.0
1076,happy love,1,,0.0
1075,upbeat happy,1,,0.0
1074,work upbeat,1,,0.0
1073,everyone work,1,,0.0
1072,work everyone,1,,0.0
1071,joy work,1,,0.0
1070,part joy,1,,0.0
1069,coworkers part,1,,0.0
1068,fast coworkers,1,,0.0
1067,goes fast,1,,0.0
1066,time goes,1,,0.0
1064,extremely fast,1,,0.0
1079,work energetic,1,,0.0
1063,work extremely,1,,0.0
1062,advancement work,1,,0.0
1061,room advancement,1,,0.0
1060,hard room,1,,0.0
1059,breaks willing,1,,0.0
1058,shiftfree food,1,,0.0
1057,end shiftfree,1,,0.0
1055,5 tips,1,,0.0
1054,hours 5,1,,0.0
1053,4 flexible,1,,0.0
1052,workers 4,1,,0.0
1051,pleasant co,1,,0.0
1078,coming work,1,,0.0
1080,energetic crew,1,,0.0
1049,3 part,1,,0.0
1096,good contact,1,,0.0
1108,teaches exceptional,1,,0.0
1107,engagement teaches,1,,0.0
1106,team engagement,1,,0.0
1105,emphasis team,1,,0.0
1104,high emphasis,1,,0.0
1103,standards high,1,,0.0
1102,sets standards,1,,0.0
1101,company sets,1,,0.0
1100,issues company,1,,0.0
1099,ever issues,1,,0.0
1098,corporate ever,1,,0.0
1097,contact corporate,1,,0.0
1095,practices good,1,,0.0
1081,crew great,1,,0.0
1094,good practices,1,,0.0
1093,great environmentfree,1,,0.0
1092,salary great,1,,0.0
1091,great salary,1,,0.0
1089,way company,1,,0.0
1088,member work,1,,0.0
1087,crew member,1,,0.0
1086,start crew,1,,0.0
1085,advancement start,1,,0.0
1084,career advancement,1,,0.0
1083,opportunities career,1,,0.0
1082,great opportunities,1,,0.0
1050,part pleasant,1,,0.0
1048,scheduled 3,1,,0.0
988,team clean,1,,0.0
1002,aroundgreat teams,1,,0.0
1015,slack lots,1,,0.0
1014,people slack,1,,0.0
1012,best working,1,,0.0
1011,hire best,1,,0.0
1010,individual hire,1,,0.0
1009,cares individual,1,,0.0
1008,truly cares,1,,0.0
1007,management truly,1,,0.0
1006,team management,1,,0.0
1005,opportunitiesawesome team,1,,0.0
1004,environment opportunitiesawesome,1,,0.0
1003,teams great,1,,0.0
1001,community aroundgreat,1,,0.0
1017,opportunities growth,1,,0.0
1000,criticism good,1,,0.0
999,constructive criticism,1,,0.0
998,open constructive,1,,0.0
997,colleagues open,1,,0.0
996,system colleagues,1,,0.0
995,kept system,1,,0.0
994,move kept,1,,0.0
993,easy opportunities,1,,0.0
992,organized easy,1,,0.0
991,environment organized,1,,0.0
990,food environment,1,,0.0
989,clean food,1,,0.0
1016,lots opportunities,1,,0.0
1018,growth company,1,,0.0
1047,days scheduled,1,,0.0
1033,becomes like,1,,0.0
1046,2 50,1,,0.0
1045,shift 2,1,,0.0
1044,food every,1,,0.0
1043,time 1,1,,0.0
1042,good time,1,,0.0
1041,customers good,1,,0.0
1040,got nice,1,,0.0
1039,long got,1,,0.0
1038,pay long,1,,0.0
1036,decent start,1,,0.0
1035,paced decent,1,,0.0
1034,family fast,1,,0.0
1032,crew becomes,1,,0.0
1019,company encouraged,1,,0.0
1031,oriented crew,1,,0.0
1030,team oriented,1,,0.0
1029,also team,1,,0.0
1028,environment also,1,,0.0
1027,paced environment,1,,0.0
1026,betterfun fast,1,,0.0
1025,slightly betterfun,1,,0.0
1024,pay slightly,1,,0.0
1023,meals competitive,1,,0.0
1022,best free,1,,0.0
1021,motivated best,1,,0.0
1020,encouraged motivated,1,,0.0
859,worked funny,1,,0.0
857,best people,1,,0.0
588,rewarding free,1,,0.0
856,store best,1,,0.0
690,opportunities flexible,1,,0.0
689,awesome growth,1,,0.0
688,freakin awesome,1,,0.0
687,50 freakin,1,,0.0
686,duty 50,1,,0.0
685,food duty,1,,0.0
682,amazing well,1,,0.0
681,benefits amazing,1,,0.0
680,employee benefits,1,,0.0
679,others employee,1,,0.0
678,faster others,1,,0.0
677,stations faster,1,,0.0
676,learn stations,1,,0.0
675,ethic get,1,,0.0
674,depending work,1,,0.0
673,weaknesses depending,1,,0.0
672,strengths weaknesses,1,,0.0
671,learn strengths,1,,0.0
670,crazy learn,1,,0.0
669,management crazy,1,,0.0
668,transferable management,1,,0.0
667,company transferable,1,,0.0
666,skills company,1,,0.0
665,lot skills,1,,0.0
664,learn lot,1,,0.0
662,really get,1,,0.0
661,foodsyou really,1,,0.0
692,schedule friendly,1,,0.0
693,friendly environmenti,1,,0.0
694,environmenti always,1,,0.0
709,environment 50,1,,0.0
723,wagegood company,1,,0.0
722,minimum wagegood,1,,0.0
720,pays better,1,,0.0
719,coworkers pays,1,,0.0
718,peoplefantastic coworkers,1,,0.0
717,friendly peoplefantastic,1,,0.0
716,way friendly,1,,0.0
715,opportunity work,1,,0.0
714,benefits opportunity,1,,0.0
713,nice benefits,1,,0.0
712,opportunity nice,1,,0.0
711,store opportunity,1,,0.0
708,positive work,1,,0.0
695,always liked,1,,0.0
707,bored positive,1,,0.0
706,paced never,1,,0.0
705,hour fast,1,,0.0
704,9 hour,1,,0.0
703,working 9,1,,0.0
702,mind working,1,,0.0
701,people mind,1,,0.0
700,filled people,1,,0.0
699,environment filled,1,,0.0
698,good environment,1,,0.0
697,chipotle good,1,,0.0
696,liked working,1,,0.0
660,healthy foodsyou,1,,0.0
659,great healthy,1,,0.0
658,awesome environment,1,,0.0
604,fun experience,1,,0.0
621,reimbursement workers,1,,0.0
619,company tuition,1,,0.0
618,restaurantgreat company,1,,0.0
617,50 restaurantgreat,1,,0.0
615,ethic free,1,,0.0
613,strooooooong work,1,,0.0
612,foodbuild strooooooong,1,,0.0
611,discounted foodbuild,1,,0.0
610,free discounted,1,,0.0
609,3 free,1,,0.0
608,people 3,1,,0.0
605,experience meeting,1,,0.0
603,2 fun,1,,0.0
624,welcoming hard,1,,0.0
602,job 2,1,,0.0
600,salary part,1,,0.0
599,decent salary,1,,0.0
598,helpful1 decent,1,,0.0
597,really helpful1,1,,0.0
596,members really,1,,0.0
595,culturethe crew,1,,0.0
594,staff culturethe,1,,0.0
592,breaks great,1,,0.0
591,food breaks,1,,0.0
590,foodfree food,1,,0.0
589,free foodfree,1,,0.0
623,friendly welcoming,1,,0.0
625,hard learn,1,,0.0
654,responsiblesflexible hours,1,,0.0
640,employee including,1,,0.0
653,eat responsiblesflexible,1,,0.0
652,aware eat,1,,0.0
651,make aware,1,,0.0
650,inspire make,1,,0.0
649,philosophy inspire,1,,0.0
648,easy philosophy,1,,0.0
646,tasks relatively,1,,0.0
645,burritos tasks,1,,0.0
644,free burritos,1,,0.0
643,promoted free,1,,0.0
642,ability promoted,1,,0.0
641,including ability,1,,0.0
639,benefits employee,1,,0.0
626,learn things,1,,0.0
638,many benefits,1,,0.0
637,sickthere many,1,,0.0
636,time sickthere,1,,0.0
635,sick time,1,,0.0
634,offer sick,1,,0.0
633,also offer,1,,0.0
632,help also,1,,0.0
631,need help,1,,0.0
630,questions need,1,,0.0
629,ask questions,1,,0.0
628,always ask,1,,0.0
627,things always,1,,0.0
724,work forfun,1,,0.0
725,forfun environment,1,,0.0
726,environment teaches,1,,0.0
808,looking benefits,1,,0.0
822,spouse included,1,,0.0
821,month spouse,1,,0.0
820,90 month,1,,0.0
819,month 90,1,,0.0
818,66 month,1,,0.0
817,vision 66,1,,0.0
816,dental vision,1,,0.0
815,health dental,1,,0.0
814,days health,1,,0.0
812,days work,1,,0.0
811,meals days,1,,0.0
810,good free,1,,0.0
807,overtime looking,1,,0.0
824,give financial,1,,0.0
806,potential overtime,1,,0.0
805,lot potential,1,,0.0
804,days lot,1,,0.0
803,want days,1,,0.0
802,called want,1,,0.0
801,stores called,1,,0.0
800,sent stores,1,,0.0
799,get sent,1,,0.0
798,sometimes get,1,,0.0
797,store sometimes,1,,0.0
796,workers store,1,,0.0
795,friendly co,1,,0.0
823,included give,1,,0.0
825,financial aid,1,,0.0
793,creative amazingly,1,,0.0
841,pretty fun,1,,0.0
855,people store,1,,0.0
854,chipotle people,1,,0.0
851,day best,1,,0.0
850,customer day,1,,0.0
849,make customer,1,,0.0
848,meal make,1,,0.0
847,make meal,1,,0.0
846,accomplishment make,1,,0.0
845,sense accomplishment,1,,0.0
844,get sense,1,,0.0
843,usually get,1,,0.0
842,fun usually,1,,0.0
840,pay pretty,1,,0.0
826,aid loans,1,,0.0
839,ish pay,1,,0.0
838,low ish,1,,0.0
837,sometimes low,1,,0.0
836,frustrating sometimes,1,,0.0
835,although frustrating,1,,0.0
834,work although,1,,0.0
833,401k work,1,,0.0
832,time 401k,1,,0.0
830,year well,1,,0.0
829,company year,1,,0.0
828,employees company,1,,0.0
827,loans employees,1,,0.0
794,amazingly friendly,1,,0.0
792,allowed creative,1,,0.0
727,teaches organization,1,,0.0
743,anyone wants,1,,0.0
757,management train,1,,0.0
756,members management,1,,0.0
755,team members,1,,0.0
754,faster good,1,,0.0
753,get faster,1,,0.0
752,better get,1,,0.0
751,motivates better,1,,0.0
750,always motivates,1,,0.0
749,helped everyone,1,,0.0
748,always helped,1,,0.0
747,restaurant always,1,,0.0
744,wants work,1,,0.0
742,recommend anyone,1,,0.0
759,needed free,1,,0.0
741,perfect recommend,1,,0.0
740,chipotle perfect,1,,0.0
738,good food,1,,0.0
736,benefits competitive,1,,0.0
735,constraints great,1,,0.0
734,time constraints,1,,0.0
733,due time,1,,0.0
732,deadlines due,1,,0.0
731,keep deadlines,1,,0.0
730,pressure keep,1,,0.0
729,work pressure,1,,0.0
728,organization work,1,,0.0
758,train needed,1,,0.0
761,shift 50,1,,0.0
791,creative allowed,1,,0.0
776,communication skillsthey,1,,0.0
790,everything creative,1,,0.0
789,since everything,1,,0.0
788,work since,1,,0.0
787,locationit fun,1,,0.0
786,specific locationit,1,,0.0
785,working specific,1,,0.0
783,shifti loved,1,,0.0
782,hours shifti,1,,0.0
781,5 hours,1,,0.0
780,lunch 5,1,,0.0
779,free lunch,1,,0.0
777,skillsthey flexible,1,,0.0
775,boost communication,1,,0.0
762,discount menu,1,,0.0
774,lot boost,1,,0.0
773,different people,1,,0.0
772,meet different,1,,0.0
771,great meet,1,,0.0
770,pay great,1,,0.0
769,itemsthe pay,1,,0.0
768,integrity itemsthe,1,,0.0
767,pride integrity,1,,0.0
766,company takes,1,,0.0
765,shift company,1,,0.0
764,items shift,1,,0.0
763,menu items,1,,0.0
2074,awesome amazing,1,,0.0
